file,size,status,role
interiors/lobby_chandelier.jpg,720x1280,без людей,"Холл: люстра из подвесных стеклянных капель, надпись QUEEN BEE на стене. Первый кадр спирали."
interiors/lounge_burgundy.jpg,720x1280,без людей,"Лаунж: бордовая стена, круглые зеркала с подсветкой, белые кресла."
interiors/lounge_green.jpg,720x1280,без людей,"Зелёная гостиная: диван, журнальные столики, потолок с росписью листьями."
interiors/staircase_spiral.jpg,720x1280,без людей,"Винтовая лестница сверху, золотая кромка. Ключевой кадр для спирали."
interiors/fireplace_wood.jpg,720x1280,без людей,"Биокамин, дерево, глиняные вазы."
interiors/shelves_products.jpg,720x1280,без людей,Витрина-стеллаж с косметикой (бренды не читаются).
interiors/gift_boxes_monogram.jpg,720x1280,без людей,Подарочные коробки с монограммой.
interiors/ceiling_leaves.jpg,720x1280,без людей,"Потолок с росписью листьями, мягкая волна. Фон секции."
interiors/reception_desk.jpg,720x1280,без людей,Ресепшен и стеллаж за ним.
interiors/nail_lounge.jpg,720x1280,без людей,Зал с рабочими столами и креслами (вид вдоль зала).
guests/guest_a_01.jpg,1500x2000,ТРЕБУЕТСЯ СОГЛАСИЕ гостьи,Гостья в светлой блузе в салоне. Портрет.
guests/guest_a_02.jpg,1500x2000,ТРЕБУЕТСЯ СОГЛАСИЕ гостьи,"Мастер наносит макияж, процесс (виден второй человек)."
guests/guest_a_03.jpg,1500x2000,ТРЕБУЕТСЯ СОГЛАСИЕ гостьи,"Мастер и гостья за работой, процесс."
guests/guest_a_04.jpg,1500x2000,ТРЕБУЕТСЯ СОГЛАСИЕ гостьи,"Гостья, финальный образ, укладка."
guests/guest_b_01.jpg,1500x2000,ТРЕБУЕТСЯ СОГЛАСИЕ гостьи,"Гостья в коричневом жакете, кудри. Портрет."
guests/guest_b_02.jpg,1500x2000,ТРЕБУЕТСЯ СОГЛАСИЕ гостьи,"Тот же образ, ракурс 2."
guests/guest_b_03.jpg,1500x2000,ТРЕБУЕТСЯ СОГЛАСИЕ гостьи,Крупный план.
guests/guest_b_04.jpg,1500x2000,ТРЕБУЕТСЯ СОГЛАСИЕ гостьи,"Тот же образ, ракурс 4."
guests/guest_c_01.jpg,1500x2000,ТРЕБУЕТСЯ СОГЛАСИЕ гостьи,"Гостья в ромбовом поло, круглое зеркало на фоне."
guests/guest_c_02.jpg,1500x2000,ТРЕБУЕТСЯ СОГЛАСИЕ гостьи,"Та же гостья, золотые рейки и лестница на фоне."
guests/guest_c_03.jpg,1500x2000,ТРЕБУЕТСЯ СОГЛАСИЕ гостьи,"Та же гостья, ракурс 3."
