file,size,role
frames/lift_red_land_cruiser.jpg,720x810,"Красный Land Cruiser на красном подъёмнике, цех. Герой-кадр, блок «Цех»."
frames/engine_on_crane.jpg,640x1030,Мотор на кране над Land Cruiser 105. Этап 2 «Демонтаж».
frames/cylinder_head_valves.jpg,720x1280,Головка блока с клапанами крупно. Этап 2–3.
frames/dial_gauge_measuring.jpg,720x1280,Замер индикатором на блоке. Этап 3 «Замеры».
frames/pistons_closeup.jpg,720x1280,Поршни в блоке крупно. Этап 3 «Замеры».
frames/crankshaft_block.jpg,720x1280,Коленвал в блоке. Этап 3–4.
frames/crankshaft_caps.jpg,720x1280,"Постель коленвала, рука мастера (без лица). Этап 4."
frames/engine_on_stand.jpg,720x1280,"Мотор на стойке, снятый, с навесным. Этап 2 / фон."
frames/oil_yacco_1.jpg,720x1280,Заливка масла Yacco. Этап 4 «Сборка».
frames/oil_yacco_2.jpg,720x1280,"Заливка масла, воронка. Этап 4."
frames/break_in_cluster.jpg,720x1050,"Приборка и дорога, обкатка. Этап 5 «Обкатка»."
frames/break_in_road.jpg,720x840,Дорога из салона. Этап 5–6 «Первый выезд».
frames/hardkorr_light.jpg,720x1280,Фара HARDKORR на решётке Toyota. Блок «Свет» (после подтверждения).
frames/land_cruiser_silver_side.jpg,720x1280,Серебристый Land Cruiser 200 сбоку. Фон/галерея.
frames/land_cruiser_black_front.jpg,720x1280,"Чёрный Land Cruiser, бампер и шины. Галерея."
frames/red_garage_atmosphere.jpg,720x1280,Тёмный цех в красном свете. Фон финального экрана.
photos/interior_wheel_wrap_1.jpg,1440x1920,"Салон Land Cruiser 200, плёнка на руле. Блок «Чистота и аккуратность» / галерея."
photos/interior_wheel_wrap_2.jpg,1440x1920,"Салон, плёнка на кресле."
photos/interior_wheel_wrap_3.jpg,1440x1920,"Салон, селектор КПП и плёнка."
photos/interior_wheel_wrap_4.jpg,1440x1920,"Руль, приборка."
photos/predator_snorkel_1.jpg,1440x1920,"Гусак «Хищник», вид спереди."
photos/predator_snorkel_2.jpg,1440x1918,"Гусак «Хищник», крупно."
photos/predator_snorkel_3.jpg,1440x1918,"Гусак «Хищник», сбоку."
photos/predator_snorkel_4.jpg,1440x1918,"Гусак «Хищник», гибкие трубки."
photos/red_4x4_street.jpg,1313x1429,Красный внедорожник на улице. Галерея. Номера не читаются.
